{"cameraMode":{"drawMode":0,"name":"Shaded","section":"Shading Mode"},"sceneLighting":true,"audioPlay":false,"sceneViewState":{"showFog":true,"showMaterialUpdate":false,"showSkybox":true,"showFlares":true,"showImageEffects":true,"showParticleSystems":true},"in2DMode":false,"pivot":{"x":-0.8491109609603882,"y":-1.5173766613006592,"z":-7.68793249130249},"rotation":{"x":-0.031066881492733957,"y":0.9582393765449524,"z":-0.1143869087100029,"w":-0.2602541744709015},"size":16.907468795776368,"orthographic":false}